id,section,text,tip,chapter,region
"bounty-valentine","bounties","Valentine Sheriff (2 Bounties)","Available after Chapter 2 mission ","",
"bounty-benedict","bounties","Benedict Allbright ($40)","Poison seller. Found on rocks west of Valentine near Dakota River. Must bring ALIVE.","",
"bounty-ellie","bounties","Ellie Anne Swan ($50)","Female outlaw. Camp northwest of Valentine near Wallace Station. Alive = $50, Dead = $25.","",
"bounty-rhodes","bounties","Rhodes Sheriff (3 Bounties)","Southern bounties in Lemoyne area.","3",
"bounty-mark","bounties","Mark Johnson ($25)","Horse thief. Found in Bluewater Marsh. Has gang backup.","",
"bounty-robbie","bounties","Robbie Laidlaw ($45)","Murderer. Hiding near Caliga Hall farmhouse. Dangerous.","",
"bounty-camille","bounties","Camille de Millemont ($55)","French con artist. Found in Saint Denis area saloon. Persuasive - stay focused.","",
"bounty-strawberry","bounties","Strawberry Sheriff (2 Bounties)","Western bounties in Big Valley area.","2",
"bounty-joshua","bounties","Joshua Brown ($40)","Dangerous criminal. Abandoned mine NW of Strawberry. Bring dynamite or patience.","",
"bounty-bart","bounties","Bart Cavanaugh ($60)","Outlaw gang leader. Multiple bodyguards. Approach carefully - stealth recommended.","",
"bounty-saintdenis","bounties","Saint Denis Police (3 Bounties)","Urban bounties. Some connected to story missions.","4",
"bounty-lindsay","bounties","Lindsay Wofford ($45)","City criminal. Urban pursuit through Saint Denis streets. Watch for police.","",
"bounty-anthony","bounties","Anthony Foreman ($50)","Gang leader from Trelawny missions. Only appears if not killed in story. Epilogue.","epilogue",
"bounty-patrick","bounties","Patrick O\","","",
"bounty-blackwater","bounties","Blackwater Police (3 Bounties)","‚ö†Ô∏è EPILOGUE ONLY - West Elizabeth access required.","epilogue",
"bounty-elias","bounties","Elias Green ($65)","War veteran gone bad. West of Beecher\","",
"bounty-otis","bounties","Otis Skinner ($55)","Serial killer type. Very dangerous - bring heavy weapons.","",
"bounty-herman","bounties","Herman Zizendorf ($50)","Near MacFarlane","",
"bounty-tumbleweed","bounties","Tumbleweed Sheriff (2 Bounties)","‚ö†Ô∏è EPILOGUE ONLY - New Austin access required.","epilogue",
"bounty-joaquin","bounties","Joaquin Arroyo ($60)","Del Lobo gang connection. Alive = $60, Dead = $30.","",
"bounty-esteban","bounties","Esteban Cortez ($65)","Mexican outlaw. Multiple gang members. Alive or dead = $65.","",
"requests-jack","camp-requests","Jack Marston","","",
"req-jack-thimble","camp-requests","Thimble for Jack","Find in houses/cabins. He gives you a sweet drawing.","",
"req-jack-comic","camp-requests","Comic Book for Jack","General stores sell them. He gives you chocolate bar.","",
"requests-charles","camp-requests","Charles Smith","","",
"req-charles-moonshine","camp-requests","Moonshine for Charles","Fence or general store. Creates Fire Arrows for you.","",
"req-charles-oleander","camp-requests","Oleander Sage for Charles","Bayou area plant. Creates Poison Arrows for you. Excellent!","",
"req-charles-eagle","camp-requests","Eagle Feather for Charles","Shoot eagles or find feathers. EPILOGUE only request.","epilogue",
"requests-hosea","camp-requests","Hosea Matthews","","",
"req-hosea-book","camp-requests","The Case of the Shrew in the Fog","General stores. Read ","",
"req-hosea-ginseng","camp-requests","American Ginseng (√ó2)","Forest areas - common plant. He gives Potent Medicine.","",
"requests-pearson","camp-requests","Pearson","","",
"req-pearson-compass","camp-requests","Naval Compass","Shipwrecks or naval locations. He shares rum and navy stories.","",
"req-pearson-rabbit","camp-requests","Rabbit Carcass","Hunt any rabbit (perfect not needed). He makes Nutritious Stew.","",
"requests-others","camp-requests","Other Gang Member Requests","Various gang members have single requests. All missable after Chapter 4!","",
"req-abigail-money","camp-requests","$5 for Abigail (Jack\","","",
"req-bill-pomade","camp-requests","Hair Pomade for Bill","General stores. He gives Repeater Ammo.","",
"req-dutch-pipe","camp-requests","Pipe for Dutch","Random finds or Fence. He gives ornate Spurs.","",
"req-javier-oleander","camp-requests","Oleander Sage for Javier","Bayou plant. He gives Poison Throwing Knives.","",
"req-kieran-burdock","camp-requests","Burdock Root (√ó2) for Kieran","Common plant. Do before Chapter 4! He gives Horse Medicine.","3",
"req-lenny-watch","camp-requests","Pocket Watch for Lenny","Rob wealthy NPCs or find in houses. He gives Dynamite!","",
"req-marybeth-pen","camp-requests","Fountain Pen for Mary-Beth","Houses or general stores. She gives Gold Ring.","",
"req-molly-mirror","camp-requests","Pocket Mirror for Molly","Houses or stores. She gives a Cigar.","3",
"req-sadie-harmonica","camp-requests","Harmonica for Sadie","Random NPC loot or houses. She gives Gun Oil.","3",
"req-sean-bourbon","camp-requests","Kentucky Bourbon for Sean","Buy at saloons. He gives Fire Bottle!","2",
"req-susan-herbs","camp-requests","Seasoning Herbs (√ó2) for Susan","Wild Mint, Oregano, or Creeping Thyme. She gives Miracle Tonic.","",
"req-tilly-necklace","camp-requests","Necklace for Tilly","Jewelry boxes or rob wealthy NPCs. She gives Medicine.","",
"requests-epilogue","camp-requests","Uncle","","",
"req-uncle-cure","camp-requests","Uncle\","","",
"collect-dreamcatchers","collectibles","Dreamcatchers (20 Total)","Hanging in trees. Collect all 20 for map leading to Ancient Arrowhead (slower bow stamina drain).","",
"dream-01","collectibles","Flatneck Station West","Hill west of Flatneck Station, in a tree","",
"dream-02","collectibles","Caliban","","",
"dream-03","collectibles","Dakota River South Bank","On a ledge facing the river, near legendary fish spot","",
"dream-04","collectibles","Heartland Overflow","Large leafless tree near overflow area","",
"dream-05","collectibles","Heartland Hills","Large standalone leafless tree","",
"dream-06","collectibles","Grizzlies SE","On mountain path, past fallen tree","",
"dream-07","collectibles","Cotorra Springs East","Biggest tree in small thicket","",
"dream-08","collectibles","Near The Loft","South of The Loft, only bare tree on right side","",
"dream-09","collectibles","Snowy Peak","Clump of trees after crossing river, heading NNW","",
"dream-10","collectibles","Campfire Area","Big tree behind log and small stump","",
"dream-11","collectibles","Annesburg North 1","In a clearing north of Annesburg","",
"dream-12","collectibles","Annesburg North 2","Edge of road just north of town","",
"dream-13","collectibles","Annesburg SE","Top of hill southeast of Annesburg","",
"dream-14","collectibles","Annesburg South","Middle of tree group off road","",
"dream-15","collectibles","Roanoke Ridge Hill","Tree that does not stand out, higher up","",
"dream-16","collectibles","Elysian Pool South","Big tree by a bush south of pool","",
"dream-17","collectibles","Bluewater Marsh NE","Tree at path fork in marsh","",
"dream-18","collectibles","Lonnie","","",
"dream-19","collectibles","Aberdeen Pig Farm West","Hill west of the creepy farm","",
"dream-20","collectibles","Elysian Pool Area","Beyond old house foundation. LAST ONE ‚Üí Get Map!","",
"collect-exotics","collectibles","Exotic Quest (Duchesses and Other Animals)","üìç Algernon Wasp - Greenhouse N of Saint Denis. Chapter 4+ after ","",
"exotic-part1","collectibles","‚îÄ‚îÄ PART I ‚îÄ‚îÄ","‚ö†Ô∏è START HERE: Orchids only spawn up to current quest amount!","",
"exotic-p1-lady","collectibles","Lady of the Night Orchids (15)","üìç Trees in Bayou Nwa southern shore, N of Kamassa River, Caliga Hall area.","",
"exotic-p1-egret-little","collectibles","Little Egret Plumes (5)","White egrets in Bayou Nwa. Varmint Rifle headshot. Farm near Lagras.","",
"exotic-p1-egret-reddish","collectibles","Reddish Egret Plumes (5)","Scarlett Meadows coastline. Reddish colored birds.","",
"exotic-part2","collectibles","‚îÄ‚îÄ PART II ‚îÄ‚îÄ","Turn in Part I first! New orchids spawn after.","",
"exotic-p2-moccasin","collectibles","Moccasin Flower Orchids (10)","üìç GROUND orchids around Butcher Creek, Roanoke Ridge.","",
"exotic-p2-slipper","collectibles","Lady Slipper Orchids (7)","üìç GROUND orchids in Big Valley, West Elizabeth.","",
"exotic-p2-egret-snowy","collectibles","Snowy Egret Plumes (5)","Farm Bayou Nwa ‚Üí Rhodes ‚Üí Emerald Station fast travel ‚Üí sleep ‚Üí return.","",
"exotic-p2-spoonbill","collectibles","Roseate Spoonbill Plumes (5)","ü©∑ PINK birds! Bayou Nwa islands. Beautiful but rare.","",
"exotic-part3","collectibles","‚îÄ‚îÄ PART III ‚îÄ‚îÄ","Quest is getting harder. Use Eagle Eye (L3+R3) constantly!","",
"exotic-p3-acuna","collectibles","Acuna","","",
"exotic-p3-cigar","collectibles","Cigar Orchids (7)","üìç TREES in Bluewater Marsh and NE Bayou Nwa.","",
"exotic-p3-eggs","collectibles","Gator Eggs (5)","üìç Nests near water in Bayou Nwa. Check shorelines.","",
"exotic-part4","collectibles","‚îÄ‚îÄ PART IV ‚îÄ‚îÄ","Almost there! Keep searching systematically.","",
"exotic-p4-ghost","collectibles","Ghost Orchids (5)","üìç TREES deep in Bayou Nwa. Hard to spot - use Eagle Eye!","",
"exotic-p4-night","collectibles","Night Scented Orchids (5)","üìç TREES south of Braithwaite Manor area.","",
"exotic-p4-rat","collectibles","Rat Tail Orchids (10)","üìç TREES throughout Lemoyne swamps.","",
"exotic-p4-spider","collectibles","Spider Orchids (5)","üìç TREES in Lemoyne swamp areas.","",
"exotic-part5","collectibles","‚îÄ‚îÄ PART V (FINAL) ‚îÄ‚îÄ","üéâ Last stretch! Collect these for the big reward.","",
"exotic-p5-clamshell","collectibles","Clamshell Orchids (5)","üìç TREES E of Caliga Hall and Shady Belle, along riverfront.","",
"exotic-p5-queens","collectibles","Queen","","",
"exotic-p5-sparrow","collectibles","Sparrow","","",
"exotic-p5-dragon","collectibles","Dragon","","",
"exotic-p5-eggs","collectibles","Gator Eggs (20 more)","üìç 20 more eggs! Same locations. Check repeatedly.","",
"exotic-complete","collectibles","‚ú® COMPLETE ‚Üí Get Rewards!","üéÅ Return to Algernon for: Algernon\","",
"collect-dino","collectibles","Dinosaur Bones (30 Total)","See ","",
"collect-rock","collectibles","Rock Carvings (10 Total)","See ","",
"collect-cig","collectibles","Cigarette Cards (144 Total - 12 Sets)","See ","",
"collect-graves","collectibles","Graves (9 Total)","See ","",
"collect-hunting","collectibles","Hunting Requests (5 Total)","See ","",
"collect-points-interest","collectibles","Points of Interest","Discover unique locations that get marked on your map. 50+ total.","",
"hideout-main","gang-hideouts","100% Completion Hideouts (6 Required)","Clear all enemies to complete. Some respawn, some are story-locked.","",
"hideout-six-point","gang-hideouts","Six Point Cabin (O\","","",
"hideout-shady-belle","gang-hideouts","Shady Belle (Lemoyne Raiders)","üìç Bayou Nwa, south of Caliga Hall. Story location - becomes camp in Chapter 4.","3",
"hideout-hanging-dog","gang-hideouts","Hanging Dog Ranch (O\","","",
"hideout-beaver-hollow","gang-hideouts","Beaver Hollow (Murfree Brood)","üìç W of Annesburg, Roanoke Ridge. Becomes gang camp in Chapter 6.","6",
"hideout-fort-mercer","gang-hideouts","Fort Mercer (Del Lobos)","üìç New Austin, S of Armadillo. ‚ö†Ô∏è EPILOGUE ONLY! Abandoned fort with many enemies.","Epilogue",
"hideout-thieves-landing","gang-hideouts","Thieves\","","",
"hideout-bonus","gang-hideouts","Bonus Hideouts (Optional)","Extra hideouts not required for 100% but offer good loot.","",
"hideout-gaptooth","gang-hideouts","Gaptooth Breach (Del Lobos)","üìç Gaptooth Ridge, W of Tumbleweed. Abandoned mine colony. Epilogue only.","",
"hideout-twin-rocks","gang-hideouts","Twin Rocks (Del Lobos) ‚≠ê","üìç Cholla Springs, N of Armadillo. Special/Ultimate Edition bonus. Epilogue only.","",
"hideout-solomons","gang-hideouts","Solomon\","","",
"hideout-tips","gang-hideouts","Gang Hideout Tips","Strategies for clearing hideouts safely.","",
"hideout-tip-stealth","gang-hideouts","Use Stealth","Approach at night with bow. Take out sentries silently for easier fight.","",
"hideout-tip-deadeye","gang-hideouts","Dead Eye Tonics","Bring Snake Oil. Dead Eye makes clearing multiple enemies much easier.","",
"hideout-tip-loot","gang-hideouts","Loot Everything","Hideouts have ammo, money, valuables. Check all bodies and buildings!","",
"hideout-tip-respawn","gang-hideouts","Respawn Mechanic","Most hideouts respawn after a few in-game days. Good for farming money.","",
"grave-jenny","graves","Jenny Kirk","","",
"grave-davey","graves","Davey Callender","","",
"grave-sean","graves","Sean MacGuire","","",
"grave-kieran","graves","Kieran Duffy","","",
"grave-hosea","graves","Hosea Matthews","","",
"grave-lenny","graves","Lenny Summers","","",
"grave-eagle","graves","Eagle Flies","","",
"grave-susan","graves","Susan Grimshaw","","",
"grave-arthur","graves","Arthur Morgan","","",
"legendary-ambarino","legendary-animals","Ambarino Region (Grizzlies)","Cold weather region - dress warm! Some of the toughest legendary animals.","",
"leg-bear","legendary-animals","Legendary Bharati Grizzly Bear","North of O","",
"leg-bison-white","legendary-animals","Legendary White Bison","Lake Isabella, NW corner near Mount Hagen. Use high-powered rifle headshot.","",
"leg-wolf","legendary-animals","Legendary Wolf","Cotorra Springs geyser area. Best at dawn. Sniper first shot, then Dead Eye.","",
"leg-ram","legendary-animals","Legendary Bighorn Ram","East of Cattail Pond, near Valentine. Use bow or rifle headshot. Cover scent helps.","",
"leg-elk","legendary-animals","Legendary Elk","East of Bacchus Station, Cumberland Forest. Springfield or bow to vitals.","",
"legendary-new-hanover","legendary-animals","New Hanover Region","Central map area - accessible early in story.","",
"leg-buck","legendary-animals","Legendary Buck","NW of Strawberry, Black Bone Forest. HUNT FIRST for Buck Antler Trinket = better pelts!","",
"leg-coyote","legendary-animals","Legendary Coyote","Scarlett Meadows near Dewberry Creek, NW of Rhodes. Fast - use Springfield for one-shot.","",
"leg-fox","legendary-animals","Legendary Fox","North of Rhodes near Mattock Pond. Small target - Varmint Rifle or bow.","",
"legendary-lemoyne","legendary-animals","Lemoyne Region","Swamp and bayou area. Watch for gators!","",
"leg-boar","legendary-animals","Legendary Boar","Bluewater Marsh, north of Lagras. Springfield or poison arrows work well.","",
"leg-beaver","legendary-animals","Legendary Beaver","Butcher Creek area, west of Van Horn. Albino beaver - Varmint Rifle one-shot.","",
"leg-alligator","legendary-animals","Legendary Bullgator","Lakay, Bayou Nwa. ONLY after Chapter 4. Bring Rolling Block Rifle + shotgun backup!","4",
"leg-panther","legendary-animals","Legendary Giaguaro Panther","Bolger Glade, south of Braithwaite Manor. REQUIRES Master Hunter Rank 9 first. Extremely dangerous!","",
"legendary-roanoke","legendary-animals","Roanoke Ridge Region","Northeast woodland area. Rare spawn territory.","",
"leg-moose","legendary-animals","Legendary Moose","Near Brandywine Drop, northeast corner. RARE SPAWN - camp nearby and sleep repeatedly.","",
"legendary-new-austin","legendary-animals","New Austin (EPILOGUE ONLY)","‚ö†Ô∏è These 3 animals can only be hunted in the Epilogue as John Marston.","epilogue",
"leg-cougar","legendary-animals","Legendary Cougar","Gaptooth Ridge, west of Tumbleweed. Very deadly - use Dead Eye + shotgun!","epilogue",
"leg-pronghorn","legendary-animals","Legendary Pronghorn","Del Lobo Rock, SE of Fort Mercer. Fast runner - sniper rifle essential.","epilogue",
"leg-bison-tatanka","legendary-animals","Legendary Tatanka Bison","Hennigan","",
"legendary-fish","legendary-animals","üêü Legendary Fish (13 Total)","Start: Jeremy Gill at Flat Iron Lake. Buy Special Lures from Bait Shop. Mail fish to Jeremy.","",
"fish-bluegill","legendary-animals","Bluegill (Flat Iron Lake)","Near Rhodes. Special Lake Lure.","",
"fish-bass-large","legendary-animals","Largemouth Bass (San Luis River)","New Austin area. Special Lake Lure.","epilogue",
"fish-bass-small","legendary-animals","Smallmouth Bass (Owanjila Lake)","Near Strawberry. Special Lake Lure.","",
"fish-bass-rock","legendary-animals","Rock Bass (Aurora Basin)","Tall Trees area. Special Lake Lure.","",
"fish-bass-striped","legendary-animals","Striped Bass (San Luis River)","Rio Bravo, New Austin. Special River Lure.","epilogue",
"fish-perch","legendary-animals","Perch (Elysian Pool)","Roanoke Ridge. Special Lake Lure.","",
"fish-pickerel","legendary-animals","Chain Pickerel (Dakota River)","Near Valentine. Special River Lure.","",
"fish-muskie","legendary-animals","Muskie (O\","","",
"fish-gar","legendary-animals","Longnose Gar (Lagras)","Bayou Nwa swamp. Special Swamp Lure.","",
"fish-salmon","legendary-animals","Sockeye Salmon (Lake Isabella)","Far north, snowy. Special Lake Lure.","",
"fish-steelhead","legendary-animals","Steelhead Trout (Willard\","","",
"fish-sturgeon","legendary-animals","Lake Sturgeon (Flat Iron Lake)","South of Rhodes. Special Lake Lure.","",
"fish-catfish","legendary-animals","Channel Catfish (Sisika Island)","Prison island area. Special River Lure. Easier in epilogue.","epilogue",
"missable-bolt-action","missable","Bolt Action Rifle (Free)","","",
"missable-mary-missions","missable","Mary Linton Missions (3 Parts)","Complete all before Chapter 6 ends. Emotional storyline.","",
"missable-edith-downes","missable","Edith Downes Missions (2 Parts)","Saint Denis slums. After debt collection missions. Redemption arc.","",
"missable-veteran","missable","The Veteran (Hamish Sinclair)","O","",
"missable-widow","missable","The Widow (Charlotte Balfour)","North of Annesburg. 3 Parts. Teaching survival.","",
"missable-pearson-jacket","missable","Pearson","","",
"missable-kieran","missable","Fishing with Kieran","Chapter 3 only. Before Kieran","",
"missable-chicks-treasure","missable","Chick","","",
"missable-lenny","missable","A Quiet Time (Lenny Night)","Valentine bar. Automatic story mission. YNNEL!","",
"missable-camp-requests","missable","Camp Companion Requests","Gang members ask for items (pipe, book, etc.). Check ","",
"missable-high-honor","missable","High Honor Missions","Some stranger encounters require high honor to access.","",
"missable-do-not-seek","missable","Do Not Seek Absolution I & II","Brother Dorkins. High honor required. Saint Denis church.","",
"missable-guarma-hat","missable","Guarma Hat","‚ö†Ô∏è ONLY in Guarma (Ch5). Kill soldiers wearing unique hat. Cannot return!","",
"missable-police-uniform","missable","Saint Denis Police Uniform","‚ö†Ô∏è ","",
"missable-miners-hat","missable","Miner","","",
"missable-military-hat","missable","Military Mountie Hat","Fort Wallace missions. Loot from army officer during Chapter 6 missions.","",
"missable-braithwaite-hat","missable","Braithwaite Manor Hat","During manor raid mission. Loot unique hats from estate guards.","",
"missable-civil-war-hat","missable","Civil War Hardee Hat","Fort Brennand (same as knife). On skeleton in basement.","",
"missable-viking-helmet","missable","Viking Helmet","Same tomb as Viking Hatchet. NW of Annesburg. On skeleton.","",
"missable-pirate-hat","missable","Pirate Hat","Same shipwreck as Pirate Sword. Island south of Saint Denis.","",
"mystery-serial-killer","mysteries","Serial Killer Mystery (American Dreams)","Find 3 gruesome clues to track down the killer. Reward: Unique encounter + item.","",
"serial-clue-1","mysteries","Clue 1: Wallace Station","üìç SW of Valentine, S of Wallace Station. Rock with dismembered body. Map piece in severed head\","",
"serial-clue-2","mysteries","Clue 2: Valentine South","üìç Between Citadel Rock & Caster\","",
"serial-clue-3","mysteries","Clue 3: Braithwaite Manor","üìç East of Braithwaite Manor. Body in tree with ","",
"serial-cabin","mysteries","Confront the Killer","üìç Lucky\","",
"mystery-vampire","mysteries","Vampire of Saint Denis","Find 5 blood graffiti clues. Only appears at midnight! Reward: Ornate Dagger.","",
"vampire-graffiti-1","mysteries","Graffiti 1: Near Outdoor Market","Close to Trapper/Fence location in SE Saint Denis.","",
"vampire-graffiti-2","mysteries","Graffiti 2: Soup Kitchen","Across from Doyle\","",
"vampire-graffiti-3","mysteries","Graffiti 3: Alleyway","Between Gaillard\","",
"vampire-graffiti-4","mysteries","Graffiti 4: Church Area","Near St. Denis Cathedral southern wall.","",
"vampire-graffiti-5","mysteries","Graffiti 5: Back Streets","Behind the general store area. Inspect all to trigger encounter.","",
"vampire-encounter","mysteries","Kill the Vampire ‚≠ê","‚ö†Ô∏è Appears 12:00-1:00 AM ONLY! Alley south of general store near Doyle\","",
"mystery-ufo","mysteries","UFO Sightings","Two locations to witness alien spacecraft. Requires specific times!","",
"ufo-cult-shack","mysteries","UFO 1: Hani","","",
"ufo-cult-trigger","mysteries","UFO 1: Trigger at 2:00 AM","‚ö†Ô∏è Return to shack at 2:00 AM. Green glow, UFO hovers above!","",
"ufo-shann","mysteries","UFO 2: Mount Shann Peak","üìç Peak of Mount Shann (NW of Strawberry). Clue in cult note. Go at night.","",
"ufo-shann-trigger","mysteries","UFO 2: Witness at Peak","‚ö†Ô∏è Stand at very top of mountain at night. Second, different UFO appears!","",
"mystery-ghosts","mysteries","Ghost Encounters","Supernatural apparitions that tell tragic stories.","",
"ghost-agnes","mysteries","Ghost of Agnes Dowd ‚≠ê","üìç NW Bluewater Marsh, 9PM-3AM, foggy weather. Appears 16 TIMES telling her tragic story. Grave at S","",
"ghost-train","mysteries","Ghost Train","üìç Scarlett Meadows, S of Old Greenbank Mill. Ride tracks at 3:00 AM. Horse gets anxious! Appears ON","",
"mystery-bigfoot","mysteries","Bigfoot & Giant Encounters","Evidence of giant creatures in the mountains.","",
"bigfoot-skeleton","mysteries","Giant Skeleton","üìç Cave at top of Mount Shann (N of Strawberry). Massive humanoid skeleton. Point of Interest marked","",
"bigfoot-voice","mysteries","Talking Giant","üìç Grizzlies East, E of Wapiti Reservation. REQUIREMENT: Study 30+ animal species first! Follow bird","",
"mystery-robot","mysteries","Marko Dragic","","",
"robot-meet","mysteries","Part 1: Meet Marko","üìç SW Saint Denis park. Chapter 4+. Help with RC boat demonstration.","",
"robot-lab","mysteries","Part 2: Doverhill Lab","üìç Doverhill (far NE map). Wait 24+ in-game hours. Capture lightning with rods. Robot comes alive!","",
"robot-final","mysteries","Part 3: Find the Robot","üìç Wait a few more days, return to find Marko dead. Robot fled to mountain ledge overlooking Colter.","",
"mystery-time-traveler","mysteries","Time Traveler (Geology for Beginners)","Man with modern clothes asks you to find rock carvings. Strange ending...","",
"sinclair-meet","mysteries","Meet Francis Sinclair","üìç Small cabin NW of Strawberry. Chapter 2+. Note his modern speech and birthmark!","",
"sinclair-carvings","mysteries","Find All 10 Rock Carvings","See Collectibles section for locations. Carvings show pyramids, Vikings, skyscrapers...","",
"sinclair-ending","mysteries","Return to Cabin","‚ö†Ô∏è After finding all carvings, return. Woman with baby who has SAME BIRTHMARK as Francis. Time loop?","",
"mystery-other","mysteries","Other Secrets & Easter Eggs","Additional mysterious encounters throughout the world.","",
"mystery-strange-man","mysteries","The Strange Man","üìç Abandoned cabin near Bayall Edge. Mirror reflects mysterious figure from RDR1. Painting completes","",
"mystery-witch","mysteries","Witch","","",
"mystery-devil","mysteries","Devil","","",
"mystery-feral","mysteries","Feral Man","üìç Roanoke Ridge. Wild man living with wolf pack. Unique encounter.","",
"mystery-pagan","mysteries","Pagan Ritual Site","üìç Big Valley, West Elizabeth. Disturbing sacrifice scene. Night recommended.","",
"mystery-tiny-church","mysteries","Tiny Church","üìç Bayou Nwa, Lemoyne. Miniature uninhabited white church. Unexplained...","",
"mystery-viking","mysteries","Viking Tomb","üìç NW of Annesburg. Ancient Viking burial site. Get Viking Hatchet + Helmet here.","",
"mystery-meteor","mysteries","Meteor Crash Site","üìç Roanoke Ridge. Burned cabin destroyed by meteor. Find meteor fragment inside.","",
"pamph-explosive","pamphlets","Explosive & Incendiary Ammo","Most powerful ammo types. Animal Fat is key ingredient!","",
"pamph-explosive-slug","pamphlets","Explosive Slug Pamphlet","üìç Burned house near train tracks between Gaptooth Ridge & Cholla Springs. OR Fence ($90) after ","",
"pamph-express-explosive","pamphlets","Express Explosive Pamphlet","üìç Available from start of Chapter 2.","",
"pamph-incendiary-buckshot","pamphlets","Incendiary Buckshot Pamphlet","üìç Under floorboard at Copperhead Landing cabin. OR Fence ($80) after ","",
"pamph-fire-arrow","pamphlets","Fire Arrow Pamphlet","üìç Fence ($75). Requires Animal Fat.","",
"pamph-arrows","pamphlets","Special Arrow Pamphlets","Arrows for hunting and combat. Flight Feathers from birds!","",
"pamph-poison-arrow","pamphlets","Poison Arrow Pamphlet","üìç Lockbox outside Mysterious Hill Home (NE of Bacchus Station). OR Charles bison hunt. OR Fence.","",
"pamph-dynamite-arrow","pamphlets","Dynamite Arrow Pamphlet","üìç Lockbox under small wooden bridge S of Wapiti Indian Reservation. OR Fence after quest.","",
"pamph-improved-arrow","pamphlets","Improved Arrow Pamphlet","üìç Fence ($350). Better penetration for large game.","",
"pamph-small-game-arrow","pamphlets","Small Game Arrow Pamphlet","üìç Fence. Essential for perfect small pelts!","",
"pamph-tracking-arrow","pamphlets","Tracking Arrow Pamphlet","üìç Complete ","",
"pamph-thrown","pamphlets","Thrown Weapon Pamphlets","Tomahawks and Throwing Knives upgrades.","",
"pamph-poison-knife","pamphlets","Poison Throwing Knife Pamphlet","üìç Under floorboard in shack N of Saint Denis (near train tracks). OR Charles quest. OR Fence.","",
"pamph-improved-knife","pamphlets","Improved Throwing Knife Pamphlet","üìç Fence ($45). Better range and damage.","",
"pamph-homing-tomahawk","pamphlets","Homing Tomahawk Pamphlet","üìç Fence. Slightly homing capabilities.","",
"pamph-explosives","pamphlets","Explosive Pamphlets","Throwable explosive upgrades.","",
"pamph-volatile-dynamite","pamphlets","Volatile Dynamite Pamphlet","üìç Lockbox under broken wagon at Hani","",
"pamph-volatile-fire-bottle","pamphlets","Volatile Fire Bottle Pamphlet","üìç Fence ($95). Bigger explosion.","",
"pamph-tonics","pamphlets","Tonic Pamphlets","Health, Stamina, Dead Eye restoration crafting.","",
"pamph-potent-health","pamphlets","Potent Health Cure Pamphlet","üìç Near Annesburg mining area. OR Fence.","",
"pamph-potent-bitters","pamphlets","Potent Snake Oil Pamphlet","üìç Fence. Dead eye restoration.","",
"pamph-horse-reviver","pamphlets","Horse Reviver Pamphlet","üìç Fence. Bring back downed horse!","",
"pamph-horse-stimulant","pamphlets","Horse Stimulant Pamphlet","üìç Fence. Restore horse stamina.","",
"pamph-special-miracles","pamphlets","Special Miracle Tonic Pamphlet","üìç Fence after Chapter 3. Full core restore!","",
"pamph-hunting","pamphlets","Hunting & Bait Pamphlets","Lures and scent covers for hunting.","",
"pamph-cover-scent","pamphlets","Cover Scent Lotion Pamphlet","üìç Early game Fence. Mask your scent from animals.","",
"pamph-potent-predator-bait","pamphlets","Potent Predator Bait Pamphlet","üìç Fence. Attracts predators faster.","",
"pamph-potent-herbivore-bait","pamphlets","Potent Herbivore Bait Pamphlet","üìç Fence. Attracts herbivores faster.","",
"pamph-special-horse-food","pamphlets","Special Horse Food Pamphlet","üìç Fence. Best horse core restoration.","",
"stranger-gunslingers","strangers","The Noblest of Men, and a Woman","Start: Valentine Saloon with Theodore Levin. Track 5 legendary gunslingers for his biography.","2",
"guns-emmet","strangers","Defeat Emmet Granger","Farm east of Flatneck Station. Clean pigsty, then duel him.","",
"guns-flaco","strangers","Defeat Flaco Hernandez","Cairn Lake cabin, Ambarino. Fight gang, then duel.","",
"guns-billy","strangers","Defeat Billy Midnight","Rhodes train station. Chase on train, duel on roof.","",
"guns-belle","strangers","Help Black Belle","Bluewater Marsh. Defend from bounty hunters (no duel).","",
"guns-slim","strangers","Rescue Slim Grant","Annesburg sheriff ‚Üí rescue Grant from bandits.","",
"guns-calloway","strangers","Final: Duel Jim Boy Calloway","Saint Denis riverboat. Final confrontation.","",
"stranger-dinosaur-bones","strangers","A Test of Faith (Dinosaur Bones)","Start: Deborah MacGuiness SE of Horseshoe Overlook. Find 30 bones, mail locations from Post Office.","2",
"bone-01","strangers","Heartlands: Oil Field","Bottom of well under oil derrick at Heartlands Oil Fields","",
"bone-02","strangers","Heartlands: Dewberry Creek West","West of Dewberry Creek, open rocky area","",
"bone-03","strangers","Scarlett Meadows: Dewberry Creek South","South of Dewberry Creek, in the open","",
"bone-04","strangers","Heartlands: Flatneck Station","Grassy hill east of Flatneck Station, near railroad","",
"bone-05","strangers","Heartlands: Caliban","","",
"bone-06","strangers","Heartlands: Abandoned Shack","South of abandoned cabin, north of ","",
"bone-07","strangers","Heartlands: Dried River Gorge","Follow dried river from Oil Rig to source, left bank","",
"bone-08","strangers","Cumberland: Six Point Overlook","Top of southeastern edge of Six Point Overlook","",
"bone-09","strangers","Cumberland: Bacchus Station","Near Bacchus Station, ridge next to spiked rock","",
"bone-10","strangers","Grizzlies: Dakota River North","North side of Dakota River, north of Valentine, rock cliff","",
"bone-11","strangers","Grizzlies: Fort Wallace Ledge","NW of Fort Wallace, high ledge from Cotorra Springs","",
"bone-12","strangers","Grizzlies: Calumet Ravine","North of Donner Falls, hill off path behind rocks","",
"bone-13","strangers","Grizzlies: O","","",
"bone-14","strangers","Grizzlies: Northern Boundary","North road at Grizzlies East ‚Üí south up hill, flowery grove","",
"bone-15","strangers","Roanoke: O","","",
"bone-16","strangers","Roanoke: Brandywine Drop","Up Roanoke Ridge near Brandywine Drop waterfall","",
"bone-17","strangers","Roanoke: Kamassa River","West bank between ","",
"bone-18","strangers","Roanoke: Van Horn North","NW of Van Horn, among trees off road heading north","",
"bone-19","strangers","Lemoyne: Scarlett Meadows Creek","Under ","",
"bone-20","strangers","Big Valley: Northern Cave","North from Wallace Station, cave entrance at bottom of slope","",
"bone-21","strangers","Big Valley: Rocky Slope","Next to ","",
"bone-22","strangers","Big Valley: Beryl","","",
"bone-23","strangers","Gaptooth: South Tumbleweed","South of ","",
"bone-24","strangers","Gaptooth: North Tumbleweed","Between ","",
"bone-25","strangers","Cholla Springs: Rattlesnake Hollow","West of Rattlesnake Hollow, base of ridge","epilogue",
"bone-26","strangers","Cholla Springs: Jorge","","",
"bone-27","strangers","Rio Bravo: San Luis River West","SW of Fort Mercer, ridge overlooking San Luis River","epilogue",
"bone-28","strangers","Rio Bravo: Del Lobo Rock","SE of Fort Mercer, high ridge, southern tip of ","",
"bone-29","strangers","Hennigan","","",
"bone-30","strangers","Hennigan","","",
"stranger-rock-carvings","strangers","Geology for Beginners (Rock Carvings)","Start: Francis Sinclair NW of Strawberry. Find 10 carvings, mail locations. Time travel mystery!","2",
"carving-01","strangers","Mount Hagen","Very top of Mount Hagen, Grizzlies West","",
"carving-02","strangers","Whinyard Strait","Rock ledge north of wooden bridge crossing Whinyard Strait","",
"carving-03","strangers","Dakota River: Bacchus Station","Cliff overlooking Dakota River, south of Bacchus Station","",
"carving-04","strangers","Dakota River: Rope Bridge","Ledge beneath cliff, directly above rope bridge","",
"carving-05","strangers","Owanjila Lake","Southwest shore, opposite Owanjila Dam","",
"carving-06","strangers","Mount Shann","Near the peak of Mount Shann","",
"carving-07","strangers","Horseshoe Overlook","Cliff overlooking burned settlement, SW of Horseshoe Overlook","",
"carving-08","strangers","Heartland Overflow","Edge of plateau above Heartland Overflow, south from Moonstone Pond","",
"carving-09","strangers","Roanoke Ridge","Rock ledge near top, directly east from Deer Cottage","",
"carving-10","strangers","Elysian Pool","Near east shore of Elysian Pool","",
"stranger-veteran","strangers","The Veteran (Hamish Sinclair)","Start: O","",
"veteran-01","strangers","Part 1: Recover Buell","Find Hamish by rock at O","",
"veteran-02","strangers","Part 2: Fishing Trip","After 1 day. Go fishing, catch ","",
"veteran-03","strangers","Part 3: Wolf Hunt","After 1 day. Track and hunt wolves with Hamish. Watch for ambush!","",
"veteran-04","strangers","Part 4: Giant Boar Hunt","Final part. Hamish is killed by boar. Kill boar, get Buell + Giant Boar Tusk.","",
"stranger-widow","strangers","The Widow (Charlotte Balfour)","Start: Willard\","",
"widow-01","strangers","Part 1: First Meeting","Find Charlotte mourning her husband. Give her food.","",
"widow-02","strangers","Part 2: Hunting Lesson","After 1 day. Teach her to hunt rabbits with a rifle.","",
"widow-03","strangers","Part 3: Self-Defense","Final visit. She has learned to survive. Get supplies.","",
"stranger-albert-mason","strangers","Arcadia for Amateurs (Albert Mason)","Wildlife photographer needs help with dangerous animals. Random encounters around the map.","2",
"albert-01","strangers","Wolves (Grizzlies)","Find Albert being circled by wolves near Grizzlies. Save him.","",
"albert-02","strangers","Wild Horses (Heartlands)","Help photograph wild horses without spooking them.","",
"albert-03","strangers","Alligators (Lagras)","Save Albert from alligators in the swamp area.","",
"albert-04","strangers","Cougars (Strawberry)","Final encounter. Find his campsite, save from cougar attack.","",
"stranger-mary-linton","strangers","Mary Linton (Ex-Lover)","Arthur","",
"mary-01","strangers","Part 1: Help Her Brother","Chapter 2. Letter arrives at camp. Help rescue her brother Jamie from Chelonians.","",
"mary-02","strangers","Part 2: Her Father","Chapter 4. Meet in Saint Denis. Deal with her father\","",
"mary-03","strangers","Part 3: Final Meeting","Chapter 6. Theater in Saint Denis. Make your choice.","",
"stranger-algernon","strangers","Duchesses and Other Animals","Start: Algernon Wasp in Saint Denis. Very grindy exotic collection quest - 5 parts.","4",
"algernon-01","strangers","Request 1: Lady Orchids","Collect 15 Lady of the Night Orchids (Bayou Nwa, Bluewater Marsh)","",
"algernon-02","strangers","Request 2: Spider Orchids + Egret Plumes","Collect 10 Spider Orchids + 5 Snowy Egret feathers","",
"algernon-03","strangers","Request 3: Cigar Orchids + Heron Plumes","Collect 10 Cigar Orchids + 5 Little Egret + 5 Reddish Egret plumes","",
"algernon-04","strangers","Request 4: Ghost Orchids + Pelicans","Collect 10 Ghost Orchids + 5 Spoonbill + 5 Pelican feathers","",
"algernon-05","strangers","Request 5: Rat Tail Orchids + Gators","Collect 20 Rat Tail Orchids + 25 Gator Eggs = Final reward","",
"stranger-marko-dragic","strangers","A Bright Bouncing Boy (Robot)","Start: Marko Dragic in Saint Denis. Help build a robot! 2 parts + secret robot encounter.","4",
"dragic-01","strangers","Part 1: Remote Control Boat","Saint Denis dock. Help demonstrate remote-controlled boats to crowd.","",
"dragic-02","strangers","Part 2: Laboratory Assistant","Doverhill Lab. Help with lightning experiment. Get Electric Lantern.","",
"dragic-03","strangers","Secret: Find the Robot","After several days, visit lab. Find robot on mountain peak.","",
"stranger-oh-brother","strangers","Oh, Brother","Valentine area. Help feuding brothers find treasure. 3 parts with comedic ending.","2",
"stranger-ties-that-bind","strangers","The Ties That Bind Us","Near Rhodes. Free chain gang prisoners twice. Honor mission.","3",
"stranger-british","strangers","He","","",
"stranger-penelope","strangers","The Course of True Love","Rhodes. Help star-crossed lovers Beau and Penelope. 5 parts across chapters.","3",
"stranger-civil-war","strangers","The Iniquities of History","Rhodes. Help former slave recover items from Confederate officer. Dark story.","6",
"stranger-american-inferno","strangers","The American Inferno, Burnt Out","Tanner","",
"stranger-brother-dorkins","strangers","Brothers and Sisters, One and All","Saint Denis monks. Help with charity. Honor rewards.","4",
"stranger-fisher-of-fish","strangers","A Fisher of Fish","Jeremy Gill near Flatneck Station. Catch 13 legendary fish. Map provided.","2",
"stranger-mercies-knowledge","strangers","The Mercies of Knowledge","Saint Denis. Professor wants electric chair test subject. Dark humor.","4",
"stranger-artist-way","strangers","The Artist","","",
"stranger-american-dreams","strangers","American Dreams (Serial Killer)","Find 3 murder scenes across map ‚Üí piece together clues ‚Üí find killer hideout.","2",
"stranger-fine-night","strangers","A Fine Night For It","Bayou north of Saint Denis. Strange encounter 10PM-5AM. Supernatural mystery.","2",
"stranger-wisdom-elders","strangers","The Wisdom of the Elders","Butcher Creek. Investigate cursed village. Multiple parts.","6",
"stranger-idealism","strangers","Idealism and Pragmatism for Beginners","Saint Denis. University professors debate. Involves Mayor Lemieux.","4",
"stranger-smoking","strangers","Smoking and Other Hobbies","Flatneck Station. Phineas Ramsbottom wants cigarette cards. Collect all 144!","2",
"stranger-hunting-requests","strangers","Hunting Requests (5 Parts)","Any train station clerk. Hunt specific perfect small game carcasses.","2",
"hunt-req-01","strangers","Request 1","Perfect Rabbit, Squirrel, Chipmunk carcasses","",
"hunt-req-02","strangers","Request 2","Perfect Rat, Woodpecker, Bat carcasses","",
"hunt-req-03","strangers","Request 3","Perfect Robin, Opossum, Toad carcasses","",
"hunt-req-04","strangers","Request 4","Perfect Cedar Waxwing, Oriole, Skunk carcasses","",
"hunt-req-05","strangers","Request 5","Perfect Blue Jay, Crow, Cardinal carcasses","",
"stranger-suffragette","strangers","A Better World, A New Friend","Valentine. Meet suffragette campaigning for women","",
"stranger-fundraiser","strangers","Fundraiser (MISSABLE)","‚ö†Ô∏è MISSABLE after Ch6! Saint Denis. Woman collecting donations. Small honor gains.","4",
"stranger-no-good-deed","strangers","No Good Deed","Rhodes. Dr. Alphonse Renaud needs help recovering stolen medical supplies.","3",
"stranger-smell-greasepaint","strangers","The Smell of the Grease Paint","Van Horn saloon. Circus performers need help. Multiple funny encounters.","2",
"stranger-american-inferno-epilogue","strangers","The American Inferno (Epilogue)","Tanner","",
"stranger-all-that-glitters","strangers","All That Glitters","West of Flatneck Station. Buy treasure map for $10 or rob the stranger.","2",
"treasure-jack-hall","treasures","Jack Hall Gang Treasure","Reward: 2 Gold Bars ($1000). Required for 100% completion.","",
"jack-hall-1","treasures","Map 1: Buy from Maximo","Treasure hunter NW of Flatneck Station, on ridge overlooking river. Sells for $10 (or $5 if haggle).","",
"jack-hall-2","treasures","Map 2: Caliban","","",
"jack-hall-3","treasures","Map 3: Cotorra Springs","West end of springs, circle of rock formations. Search central rock pile. Pearl Necklace bonus.","",
"jack-hall-final","treasures","TREASURE: O","","",
"treasure-high-stakes","treasures","High Stakes Treasure","Reward: 3 Gold Bars ($1500). Required for 100% completion.","",
"high-stakes-1","treasures","Map 1: Save/Rob Stranger","Random encounter after Chapter 3 ","",
"high-stakes-2","treasures","Map 2: Cumberland Falls","Behind the waterfall! Climb rocks on LEFT side, enter cave behind falls. Chest against wall.","",
"high-stakes-3","treasures","Map 3: Barrow Lagoon","Frozen pond in Ambarino. NE of Mount Hagen. Search under fallen tree on east shore.","",
"high-stakes-final","treasures","TREASURE: Above Fort Wallace","DO NOT enter fort! Cliff ABOVE fort on east side. Jump down carefully. 3 GOLD BARS!","",
"treasure-poisonous-trail","treasures","Poisonous Trail Treasure","Reward: 4 Gold Bars ($2000). Highest payout! Required for 100% completion.","",
"poison-1","treasures","Map 1: Cairn Lake Cabin","Small frozen lake cabin in Ambarino. Map pinned to wall inside.","",
"poison-2","treasures","Map 2: Face Rock (Facu Rock)","West of Ringneck Creek. Giant face carved in rock. Map in the ","",
"poison-3","treasures","Map 3: Elysian Pool Cave","Cave behind Elysian Pool waterfall! BRING LANTERN. Deep in cave system. Dangerous bats.","",
"poison-final","treasures","TREASURE: Lighthouse Area","North of lighthouse, south of Van Horn. Stone pile near coast. 4 GOLD BARS!","",
"treasure-le-tresor","treasures","Le Tresor Des Morts","‚ö†Ô∏è Special/Ultimate Edition ONLY. Reward: 6 Gold Bars ($3000)!","",
"le-tresor-1","treasures","Map 1: Burned Settlement","Limpany ruins SW of Horseshoe Overlook. Jailhouse still standing - corpse inside has map.","",
"le-tresor-2","treasures","Map 2: Saint Denis Docks","Cornwall Freight Station underground passage connecting yard to harbor. Check wall near wooden crate","",
"le-tresor-final","treasures","TREASURE: Saint Denis Cemetery","Mausoleum with stained glass window, west of central dome. Inspect left wall. 6 GOLD BARS!","",
"treasure-elemental","treasures","Elemental Trail Treasure","Tree carvings lead to treasure. Reward: 2 Gold Bars ($1000).","",
"elemental-1","treasures","Tree 1: Window Rock Area","Near Window Rock, look for tree with carved symbol (Earth). Leads to next clue.","",
"elemental-2","treasures","Tree 2: Elysian Pool Area","Another carved tree (Water symbol). Follow the pattern.","",
"elemental-3","treasures","Tree 3: Fort Brennand Area","Third carved tree (Fire symbol). Combines all elements.","",
"elemental-final","treasures","TREASURE: Mount Shann Sundial","Summit of Mount Shann. Behind the sundial stone structure. 2 GOLD BARS!","",
"treasure-mended","treasures","Torn (Mended) Treasure Map","Two hermits have map halves. Reward: Otis Miller Revolver!","",
"mended-1","treasures","Map Half 1: Hermit Cabin (Manito Glade)","North of Annesburg. Aggressive hermit with shotgun! Check drawer inside cabin.","",
"mended-2","treasures","Map Half 2: Hermit Woman Cabin","NW West Elizabeth, follow Little Creek River. Another hostile hermit. Check inside.","",
"mended-final","treasures","TREASURE: New Austin (Epilogue)","‚ö†Ô∏è EPILOGUE ONLY. Cholla Springs area. Otis Miller","",
"treasure-statues","treasures","Strange Statues Puzzle","Cave behind Window Rock. 7 statues with buttons. Press ONLY prime numbers (2, 3, 5, 7). 3 Gold Bars!","",
"treasure-train-wreck","treasures","Train Wreck Gold Bar","North of Cotorra Springs, wrecked train in gorge ravine. Lockbox in baggage car.","",
"treasure-limpany","treasures","Limpany Sheriff Office Gold Bar","Burned town Limpany, SW of Horseshoe Overlook. Sheriff desk lockbox. May respawn!","",
"treasure-braithwaite","treasures","Braithwaite Manor Gold Bar","After manor burns in Chapter 4. Search ruins carefully. Lockbox in rubble.","",
"explorer-1","challenge-explorer","Rank 1: Find Any Treasure Map","Buy from Maximo, get from gang hideout, etc.","",
"explorer-2","challenge-explorer","Rank 2: Find 1 Treasure Stash","Complete any treasure hunt chain.","",
"explorer-3","challenge-explorer","Rank 3: Find 2 Treasure Stashes","Jack Hall Gang + High Stakes recommended.","",
"explorer-4","challenge-explorer","Rank 4: Find 3 Treasure Stashes","Add Poisonous Trail.","",
"explorer-5","challenge-explorer","Rank 5: Find 4 Treasure Stashes","Add Le Tresor Des Morts.","",
"explorer-6","challenge-explorer","Rank 6: Find 5 Treasure Stashes","All major treasure hunts complete.","",
"explorer-7","challenge-explorer","Rank 7: Discover 10 Points of Interest","Unique locations shown in journal when found.","",
"explorer-8","challenge-explorer","Rank 8: Discover 15 Points of Interest","Explore Ambarino and Lemoyne thoroughly.","",
"explorer-9","challenge-explorer","Rank 9: Discover 20 Points of Interest","Use online map guides for remaining ones.","",
"explorer-10","challenge-explorer","Rank 10: Discover 25+ Points of Interest","Full world exploration required.","",
"herbalist-1","challenge-herbalist","Rank 1: Pick 6 Yarrow","Yellow flowers. Heartlands grasslands, very common.","",
"herbalist-2","challenge-herbalist","Rank 2: Eat 4 Berry Types","Raspberry, Blackberry, Wintergreen, Evergreen. Just eat them.","",
"herbalist-3","challenge-herbalist","Rank 3: Craft 7 Sage-Based Items","Potent Bitters or Seasoned Meat. Sage is common.","",
"herbalist-4","challenge-herbalist","Rank 4: Feed Horse 5 Mushrooms","Any mushroom type. Open satchel, select mushroom, feed option.","",
"herbalist-5","challenge-herbalist","Rank 5: Craft 9 Indian Tobacco Items","Snake Oil ingredients. Indian Tobacco near rivers.","",
"herbalist-6","challenge-herbalist","Rank 6: Collect 15 Plant Species","Explore different biomes. Desert plants in New Austin later.","",
"herbalist-7","challenge-herbalist","Rank 7: Craft 5 Special Miracle Tonics","High-tier recipes. Buy pamphlets from Fence.","",
"herbalist-8","challenge-herbalist","Rank 8: Craft 6 Poison Weapons (Oleander)","Poison arrows/throwing knives. Oleander grows in Bayou.","",
"herbalist-9","challenge-herbalist","Rank 9: Pick All 43 Plant Species","REQUIRES NEW AUSTIN! Epilogue normally. Desert cactus etc.","epilogue",
"herbalist-10","challenge-herbalist","Rank 10: Season and Cook 11 Meat Types","All meat types with oregano/thyme/mint. SEASONED versions count.","",
"horseman-1","challenge-horseman","Rank 1: Kill 5 Rabbits from Horseback","Trample them or shoot. Fields near Valentine.","",
"horseman-2","challenge-horseman","Rank 2: Jump 3 Obstacles in 15 Seconds","Find fence line, jump three times quickly.","",
"horseman-3","challenge-horseman","Rank 3: Valentine to Rhodes Under 5 Min","Horse Stimulants. Take direct road. Fast horse.","",
"horseman-4","challenge-horseman","Rank 4: Drag Victim 3300 Feet","Lasso someone, drag them while riding in big circles.","",
"horseman-5","challenge-horseman","Rank 5: Trample 5 Animals","Gallop through rabbit/squirrel fields.","",
"horseman-6","challenge-horseman","Rank 6: Strawberry to Saint Denis (No Water)","Under 9 minutes. Long detour around rivers. Use bridges.","",
"horseman-7","challenge-horseman","Rank 7: Kill 7 Enemies from Horseback","Don","",
"horseman-8","challenge-horseman","Rank 8: Kill 9 Predators from Horseback","Wolves, cougars, bears. Use rifle from saddle.","",
"horseman-9","challenge-horseman","Rank 9: Van Horn to Blackwater (No Water)","Under 17 min. REQUIRES EPILOGUE. Long detour.","epilogue",
"horseman-10","challenge-horseman","Rank 10: Break Every Wild Horse Breed","Mustang, Nokota, American Paint, Hungarian, Morgan.","",